,precision,recall,f1-score,support
battery,0.983739837398374,0.9918032786885246,0.9877551020408163,122.0
space,1.0,1.0,1.0,121.0
text_mining_materials,0.9722222222222222,0.9459459459459459,0.958904109589041,37.0
accuracy,0.9892857142857143,0.9892857142857143,0.9892857142857143,0.9892857142857143
macro avg,0.9853206865401988,0.9792497415448236,0.9822197372099524,280.0
weighted avg,0.9892445799457994,0.9892857142857143,0.9892341946563361,280.0
