,precision,recall,f1-score,support
battery,0.991869918699187,1.0,0.9959183673469387,122.0
space,0.9918032786885246,1.0,0.9958847736625515,121.0
text_mining_materials,1.0,0.9459459459459459,0.9722222222222222,37.0
accuracy,0.9928571428571429,0.9928571428571429,0.9928571428571429,0.9928571428571429
macro avg,0.9945577324625705,0.981981981981982,0.9880084544105708,280.0
weighted avg,0.9929154528664725,0.9928571428571429,0.9927725737561338,280.0
